Team Name,School,Player 1,Division S2,Season Added,Division,Discord Contact,Player 2,Player 3,Player 4,Player 5,Player 6,Player 7,Player 8,Updated as of:,3/16/2023
Knight Sharks,University of Central Florida,H√•kon#2672,,3,1a,H√•kon#7211,Toast#1514,Armii#1227,Nifty#2371,fawful#3094,MAB Emmett#7352,ylliB#2333,,,
PSU Blue,Penn State University,PSU Kraken#2476,,3,1a,Kraken Mare#7777,PSU Snow#2571,PSU Jay$#2531, PSU Kevin#1853,PSUObscure#1223,,,,,
Stars of Orion,University of Texas at Dallas,A. Secant#7341,,3,1a,Secant#3141,ptm Jimby#3223,V Steorra#3927,Neato#2744,‚ÜëOnkar S.‚Üì#6182,,,,,
MSU Firefin Couches,Michigan State University ,msu Nick #1821,,3,1a,Nick#2315,msu San d #2832,msu chef#2651,msu Ender#2358,Andu~ #3008,,,,,
[HU] Volatile Radiance ,Hofstra University,DKL#2531,,3,1a,DeKaEle#3682,SAINT#2079,Captain N#1792,Sychie#1064,Sphynx#1430,AshySlashy#7827,,,,
Wyrmwind,Drexel University,œâ Turple‚ô™#3107,,3,1a,Turple#1254,œâ WitchBoi#1299,œâ MŒ±Œ∑tŒπs #8427,œâ Gillies#1918,œâ grace^^ #3155,,,,,
EaUCD Banana Split,"University of California, Davis",Noel‚Ñ¢#3190,,3,1b,Noeltm#0822,wickett#1071,jonny#3294,BananaAbby#5618,ave‚Ñ¢#6132,„ÅÇ„ÇÑ„Åó„ÅÑ„É¨„É¢„É≥Ôºù–¥Ôºù#2529,,,,
Husky Splatsville Knights,University of Washington,Oliy#1079,,3,1b,Oliy#0673,Valiant#2211,‚òÜNexus‚òÜ#1262,iggpig#3194,Samy :3#1022,Juanni#8004,Kye#2937,,,
UCSD Esports Gold,"University of California, San Diego",CD_Woomy#5094,,3,1b,Ari#3848,Goat Child#2734,enduh#1915,Coaster#2204,sunlight#2104,,,,,
VCU Ink Black,Virginia Commonwealth University,IB‚Ñ¢Novaden#2723,,3,1b,Novaden#7623,Ib.Mini#2103,Wyatt#2540,TotoStar#2777,SylphLux#1917,IB‚ô©zorawg#8529,,,,
Kraken Squids,University of Central Florida,N#1079,,3,1b,Novacast#4018,Olixil#2921,Fedbca#3159,JALDizzy#2774,Beanman#7462,,,,,
"Springfield, OH",Case Western Reserve University,! batson#1255,,3,1b,Batson#5522,Silas#1157,Sir Sam#1492,DragnSoulX#2728,Mr. K#3293,TWIS#2351,,,,
FGCU Thunderbirds,Florida Gulf Coast University,Marsh#1373,,3,2a,Marsh#0228,Ron#3200,Logo#1380,Mr.L#1782,,,,,,
UH Premiere,University of Houston,Churro#3232,,3,2a,Churro#4444,Ell#2328,LPSvsS#2158,SoundWave#1417,Systus#2389,poyo#2789,Nasu11910#2918,...Dio#3170,,
Carne Inksada Fries,San Diego State University,‚º∫‚ºï≈†R‚Ä†WÍûµRR¬•#3091,,3,2a,Stupid_Strawberry#0219,‚º∫‚ºïInsn0Kat#3158,‚º∫‚ºïenz√∏#1058,‚º∫‚ºï Dashing#2800,‚º∫‚ºïblorbo!#1145,‚º∫‚ºïDreamZ#4422,‚º∫‚ºïtIFFu#2104,‚º∫‚ºï>:0#2918,,
WPI Grizzco Workers Union,Worcester Polytechnic Institue,WœÄ Garrett#1079,,3,2a,JustGaret23#8902,wœÄ Krona#7574,wœÄ Justin#1955,wœÄ Fr0stŒ±#1807,WœÄ RTKFUEL#1654,wœÄ Point#1141,Gribseraph#2654,Ms. L <3#1301,,
Reef Runners,Cal Poly Pomona,Wendall555#3053,,3,2a,Wendall555#4260,‚àÇSquibKid‚àÇ#9710,Nonoman#3306,Zeshal#2249,Skitty#2651,,,,,
PAL 3.0,Purdue University,‚òÖ‚äÇ OmaZen#2758,,3,2a,OmaZen#1547,Missiles#2623,Dyno. ‚òÜ„Éü#1667,PAL Plan B#2796,,,,,,
OnSU (Octos n' Squids United),the Ohio State University,O„ÄÇAndriale#3115,,3,2b,Andriale#8045,O„ÄÇSlimJava#3258,O„ÄÇBig Gay!#7253,O„ÄÇorchid#2239,O„ÄÇ Okamu#5492,,,,,
Tax Collectors,University of Arizona,Tax„Åú„ÅÑ„Åç„Çì#2638,,3,2b,FilipinoTaxCollector#9007,Liquid#3265,Œ≤luŒµ Squid#2648,flap!#1058,Derpycows#5067,Octio#5430,Superstar#2592,Nesan#3364,,
Unidentified Flyfish Outbreak (UFO),University of Texas Dallas,‚òÜInk‚èú*‚ô™#8367,,3,2b,mars#2973,noob‚èú* #1428,Spam‚èú*#4043,silly.mp4#8246,Tzar#3856,,,,,
Squids at Cal,UC Berkeley ,Jem#1219,,3,2b,Jem#6771,Bluekkachi#1397,Auston#2219,sol#2645,kŒ±mi‚ô™#7633,Neska#2272,,,,
Vermillion Tides,University of Louisiana at Lafayette,RaphayL#2997,,3,2b,RaphayL#8161,Dino#3129,Kleb#3052,G Oblivion#6242,KESS 2041#1445,,,,,
Old Bay Brigade ,University of Maryland - College Park,fell#1704,,3,2b,Fell#5645,TurtleKing#1055,Fortnite69#1592,„Åø„Å™„Å®#61626,amia#2920,,,,,
Nightfall,University of Texas Austin,galaxy‚òÜ#1325,,3,3a,galaxy#0772,nax#1874,drey#7410,salty#8801,LG|Salami#3369,,,,,
Griffink,William & Mary,spaceseals#1335,,3,3a,spaceseals#4064,Titanium#6641,Cavaroc#2984,Johnnyboy#2848,Hegemony#1807,piccle#3092,,,,
Deepsea Miners,Colorado School of Mines,‚ÜìŒ≤JaySlosh#3133,,3,3a,JaySlosh#6159,ŒîŒîGeo#9585,ŒîŒîBOnk#1947,‚ñ≥‚ñ≥Demic#3034,eugh#1074,,,,,
Scarlet Scrimblers,DePaul University,grodd.ss#2425,,3,3a,grodd bondrow#6602,wyrmush.ss#3004,boop!.ss#1350,spectra.ss#8925,Bonkd U.ss#2856,sosad2112#8458,,,,
GMU Patriots,George Mason University,‚óÜDeuce‚óÜ#1739,,3,3a,DeuceOfDiamonds#3075,GMU|TX7DRW#1737,Euphaa#1114,Nexlation#3348,Phrog#7325,Kai#1715,,,,
UWW White,University of Whitewater Wisconsin,UWW ELLIE#3355,,3,3a,Ellie!#5762,UWW BINCH#1761,UWW Quag#2355,UWWnemasis#1350,UWW FLUBBY#1529,UWW DJRMBA#8096,,,,
Tiger Shark,Rochester Insitute of Technology,Retrogade#2502,,3,3b,Retrogade#0004,Neon#1405,lingling#1117,NeverLucky#1548,Rati0#1802,,,,,
Comet Task Force,University of Texas Dallas,ninety‚èú*#2236,,3,3b,ninety#9236,Saffy#1132,McLongboy#1606,lil David#2780,Momo‚èú*#6384,,,,,
Barracuda ,University of North Carolina Greensboro,Bagel#1138,,3,3b,Bagel#0828,Jp#4525,Gummie#1813,TravelerCJ#1618,Conamic#1908,Philpro#1384,,,,
Kraken Cove,University of Massachusetts Dartmouth,*^RDB#2683,,3,3b,MyGuyRDB#0846,weeeeeeeee#6553,Seacrisps#2038,E#2956,RedOctober#2754,Ghoul#3002,,,,
daybreak,University of Texas at Austin ,LG|–ØŒ∑oodlŒµ#2427,,3,3b,Arnoodle#0950,LG|nico!!#1146,LG|Berny#2523,LG|JBYoshi#7013,LG|amigo#2039,LG|Bml#2702,,,,
KSU WildSharks,Kansas State University,KsuKa≈ò√üine#8324,,3,3b,Karbine98k#8655,ƒ∂≈õ√º ƒ∂√Ø√±ƒü#2736,Ksu FEAR#6246,Ksu SunDae#2319,Ksul8zziem#2161,,,,,
Stevens Inxecutioners,Stevens Institute of Technology,GoonLagoon#2705,,3,4a,ScienceWater#2244,Briginator#1987,Twisted#2765,Ee#1609,ChrisMS39#3227,,,,,
OU Crimson,University of Oklahoma,Clucks#3384,,3,4a,Officer Clucks#5350,Lestructo#1277,ShadoKirby#2264,Ice Dew#1033,Tanor#3712,Emperior#6686,,,,
Violet Legion,New York University,DahrieIV#1996,,3,4a,Dahriel#8767,Wetclaw#1721,Malakazam!#1310,Aqours!#2506,Chaos#9270,weezerfan4#1340,,,,
Niner Esports,University of North Carolina Charlotte ,Jokera#8147,,3,4a,SuperaJokera#5546,Pengo#1658,Presto#3266,Mathoomble#1264,Melli #1714,dz#1548,froggy <3#1346,,,
Splatlanders,New Jersey Institute of Technology,Fishy#2141,,3,4a,FishyFash#5221,Cyan#1321,Joethulhu#1861,WanaSplat‚Ñ¢#1148,SL! Morgan#2531,,,,,
BASH,Purdue University,‚ÄªCynthia‚Äª#1716,,3,4a,Cynthia <3#9130,‚ÄªRooster‚Äª#2731,‚Äª Niemo ‚Äª#2735,‚ÄªWarmunk‚Äª#2205,‚ÄªAshBill‚Äª#2065,,,,,
UCSD Esports Navy,"University of California, San Diego",œà Frosty!#7549,,3,4b,Frosty!#7549,œà saŒºce‚òÜ#4931,Œ® Ryunn#3000,œà Ocean#2510,œà buca#2695,,,,,
DSU Splat team,Dakota State University,takuyaki#1668,,3,4b,Tostahh#1886,Leaf #2167,Freez#1488,Cryo Fox #1489,,,,,,
Storm Cells,University of Florida,√∑B3#2582,,3,4b,B31JS#6912,Astrea#1166,Ambrosia#2967,Maximus#9849,Nitro#6955,,,,,
Seminole Cephalopods,Florida State University,Nuc#1389,,3,4b,Nuc#2890,DualBall#1537,ribbon.exe#1243,PkCj#1630,Stefi#1677,FSU Citrue#9995,Alex#1067,FSU|Funny#1495,,
IVC Diamond Rays,Irvine Valley College,sope c:#2507,,3,4b,Soap#1000,Shabby#1385,CommieFry#3341,Sapphire#2278,,,,,,
PPP,Purdue University,„ÉöJG5#5204,,3,4b,JG5#5000,„ÉöDrewmar#1167,„ÉöMayday#1164,„ÉöMindstorm#1287,„Å∫Raine#3053,,,,,
OU Black,University of Oklahoma,Nona#3050,,3,5a,NoNameGamer#8242,Noer#4359,Gmon#2693,MaxIsWell#2918,Plank#1263,,,,,
Goomies,Virginia Commonwealth University,Bubble#2414,,3,5a,sockz.party#6623,Rare#3223, kale¬∞‚∏™‚Ä¢*.#2886,Satii#2341,rng_#4920,,,,,
Coastal Squid Surge,Coastal Carolina University,CSS‚óáChai#3277,,3,5a,ChaiDragon#6334,CSS‚óáPeachy#9888,CSS‚óáIDEA#2854,CSS‚óáKiza#2809,,,,,,
IVC Devil Rays,Irvine Valley College,ivc jk#5288,,3,5a,tawmi ùÑ¢#5619,oh no#3245,‚òÖNeo‚òÖ#2066,Marguerite#1405,,,,,,
DPU Hagglefish Hackers,DePaul University,Midknight#2081,,3,5a,Midknight_Phantom#1933,I AM Allyn#1592,Airic#3082,Matthew#2457,wr>>fish#1286,,,,,
MSU FRIB,Michigan State University ,lœÉvvbiis#1943,,3,5a,luvvbiis#8008,Coolered#1168,¬ºnœÉœÉmy!#8754,œÉverwrite#4860,,,,,,
Redbeak Splatoon,Illinois State University,RB‚òÖAidiin#1118,,3,5b,Aidiin#8375,saltmothm#1701,TLP#3711,Pxi|Kliff#3058,,,,,,
Life Could Bradley Dream (LCüÖ±D),Bradley University,ovengoats#1165,,3,5b,ovengoats#4921,Shnx_#2214,Jertop#1836,Vee3000#2638,Liz#2245,Gab#2145,,,,
KSU Catfish,Kansas State University,[KSU]FG#2828,,3,5b,Fudger_Gamer#9821,[KSU]Linn#1231,[KSU] X#2657,[KSU]Proxy#2326,[KSU]J#2077,,,,,
Hofstra Lionfish,Hofstra University,Cygnus#24550,,3,5b,CygnusX1018#5623,Aquarsene#9407,Hunter#11042,Deth#8979,Tooooaaaad#3174,Keeogree#1393,,,,
Axolotl Airlines,University of North Carolina Greensboro,Beard48#5201,,3,5b,Beard#9851,Clioni#9306,Isabelle#2927,spl0rped#4076,Masq#1220,Teeths#2749,,,,
PSU Nittany Lionfish,Pennsylvania State University,Calico_OS#3663,,3,5b,Calico_OS#1121,Big Mike#3044,Lianzi#3090,Nikki#3216,SophieSqid#1533,,,,,
Octocutioners,Stevens Institute of Technology,Thimble#2697,,3,6a,Thimble#9722,Tealsquid#6827,Big Pharma#2360,GIGI#1512,Luke#2709,,,,,
UGA Black,University of Georgia,Candy#2530,,3,6a,Candygoblen123#7777,ash ‚ô™#1019,HT#3107,DeDeDeadly#2426,Stingray#2059,,,,,
Tentacoolers,California State Polytechnic University Pomona,San Holo#8851,,3,6a,San Holo#7043,MidKnight#1613,Chills#2545,Inkslinger#2989,,,,,,
Squid Kids,Emerson College,Xandar#1444,,3,6a,XandarStormwraith#8894,Pigeon#1958,Anna#2041,Mulligan#1316,CapCosmix#7918,Hayden#1647,,,,
NAUtical,Northern Arizona University,fast#2239,,3,6a,RELLY FAST#1059,inky#1009,Cheesy#1353,2corbeen#1700,vactyl__#1432,Soda#9827,SWN Wale #4858,,,
OC Eagles,Oklahoma Christian University ,MakoAngel#1525,,3,6a,  GoddessoftheDawn#2688,Katarina#2339,Grease#3087,J4W-Indigo#3011,,,,,,
Octo-Gaels,Iona University ,Yoshi#2857,,3,6b,Yoshi90#3604,‚≠êÔ∏èSMOOTH‚≠êÔ∏è#2953,fuyu#2908,FireShootr#1837,Cash Flow#2279,‚àóSsbufans#2563,Lufendi#1272,,,
Moravian CyberSquids,Moravian University,Moon#2748,,3,6b,Moon V.2#5234,Toxicflame#3035,‚òÜJack_64‚òÜ#1573,PikPik23p#3147,Sprinkler!#1406,Spicy#2696,Nox#4544,MCH ‚≠êÔ∏èEman#2518,,
[WCE] Wet Cod Empire,SUNY Polytechnic,[WCE]Magna#1097,,3,6b,[WUT]Magna#6400,WCE PClip#2464,WCE Poofy#9498,WCESpartan#1216,WCE Gick76#1445,WCE Ivy#3067,,,,
WVU,West Virginia University,Splat Cat‚Ñ¢#1812,,3,6b,Splat Cat‚Ñ¢#4424,Stormy#3240,Doc#2265,J'ack #8654,Spcer #1016,Xandra#9355,,,,
Undertow Dartfish,University of Denver,almojo#2022,,3,6b,AlmoJo#6747,‚òÜKitsune‚òÜ#2198,William#1626,sulfie#2618,‚òÜWolf‚òÜ#5911,Addy#4903,,,,
Clark University,Clark University,Weird One#2745,,3,6b,Weird One#6150,Rossane#1669,Egg#2035,The Player#6763,,,,,,
Farmingdale Rams,Farmingdale State College,Dystortr#2702,,3,7a,ded#1117,Myst#1737,PACEthplyr#4830,Jasmine#2176,MSCard#7697,Deaft#2011,,,,
Team Mancrazy,DePaul University,LatinoFire#3092,,3,7a,ECH0#2449,Merfairy#3279,annali‚≠ê#2389,Zoloft#1512,sayuri‚ô™#2214,,,,,
Reef Unleashed,Rowan University,JX-104#3719,,3,7a,JX-104#7748,samuel#2072,Bkzander#8359,AlphaNerd!#1556,¬©Coffee¬©Ô∏è#1478,D.Shiesty#2236,[salty]#2638,kyko#5927,,
The Golden FryFish ,Nazareth College ,Red826#1719,,3,7a,Red826#8943,Oracle#2392,e#9582,Fuob#2458,Adrianna#9823,Jon#1372,,,,
SHUGSmorgan,Seton Hall University,Nyomincia#2407,,3,7a,Nyomincia#2786,Dragon#5244,Mango Man#2216,Elledritch#2585,Arc#2701,,,,,
Coastal Calamari,College of Coastal Georgia,Build#2549,,3,7a,Tateru Sozo [DucT.]#4421,Squiddly D#1144,Raine#2320,Shells#2403,Kit#3298,FrostBite#4293,Wh√∂Aml?#3024,Kujo#2453,,
DU Soulblaze,Drexel University,Œ¥¬≤ Jorp#2563,,3,7b,Jorp#0001,Œ¥¬≤ Riffy#1133,shy#2506,Œ¥¬≤ Yakidge#2279,Œ¥¬≤HomuraHi#1195,Œ¥¬≤ melon!#6277 ,,,,
Villanova Wildsplats,Villanova University,Pie#1683,,3,7b,Rober#0258,Rasta#9337,EstrgnBrgr#2063,Sunny#1423,BlazingDan#1317,,,,,
Splatoon Gold,Missouri University of Science & Technology,ChLNGamnYT#2846,,3,7b,Chillin N Gaming YT#4232,Videogamer#3318,Bui#8172,Cat Nat#3191,,,,,,
SHUGSdrake,Seton Hall University,BloodBoy#1113,,3,7b,sniper monkey#1235,Makogana#8617,torrent501#1874,Arc#2701,MegaPlays#4104,,,,,
Painting Hazard,Kutztown University,Chris#2359,,3,7b,Choff#1380,C-#2667,pepper#3604,apple#2200,SEA-SIMON#2243,Pikachup#2278,PixxiBunny#2308,,,
,,,,3,7b,,,,,,,,,,